ETF名称,ETF代码,收盘价,涨跌幅,基准指数,Alpha_5,Alpha_20,Alpha_5强弱,Alpha_20强弱,风险等级,Bias_5,MA5斜率,MA20斜率,短期趋势,中期趋势,资金热度,热度占比,热度变化,操作建议,原因
通讯设备,515880,1.079,+0.09%,上证指数,-0.22%,+2.04%,小幅弱势,小幅强势,中低位风险,-0.63%,-0.06%,+0.62%,向下,向上,放量,0.0000,1.4881,关注,关注企稳机会
机器人,562500,1.004,+0.20%,上证指数,-1.58%,-4.50%,小幅弱势,显著弱势 ❌,低风险,-1.67%,-0.55%,-0.60%,向下,向下,放量,0.0000,1.7563,关注企稳,关注企稳信号
游戏,516010,1.370,+0.66%,创业板指,-4.59%,-14.73%,显著弱势 ❌,显著弱势 ❌,中低位风险,-1.92%,-0.67%,-1.40%,向下,向下,持平,0.0000,1.1306,继续观察,等待企稳信号
半导体,512480,1.544,+0.65%,深证成指,+0.85%,-4.70%,小幅强势,显著弱势 ❌,中低位风险,-0.25%,-0.91%,-0.58%,向下,向下,缩量,0.0000,0.3600,继续观察,等待企稳信号
云计算,516510,1.712,-2.45%,上证指数,-4.69%,-6.44%,显著弱势 ❌,显著弱势 ❌,低风险,-3.43%,-2.54%,-0.51%,向下,向下,放量,0.0260,1.2067,关注企稳,关注企稳信号
创新药,515120,0.603,-0.33%,创业板指,-0.20%,-6.77%,小幅弱势,显著弱势 ❌,中高位风险,+0.33%,+0.07%,-0.65%,向上,向下,缩量,0.0000,0.3669,观望,缺乏资金支持
商业航天,563530,1.424,-3.20%,上证指数,-7.29%,-7.51%,显著弱势 ❌,显著弱势 ❌,极度超跌,-4.72%,-4.31%,-1.09%,向下,向下,放量,0.0209,1.3719,关注企稳/抄底,超跌+资金进场，关注反弹
有色金属,512400,2.091,-1.65%,上证指数,-6.32%,-3.07%,显著弱势 ❌,显著弱势 ❌,低风险,-4.59%,-3.27%,-0.11%,向下,向下,持平,0.2881,1.0383,继续观察,等待资金进场
新能源,516160,3.075,-1.32%,深证成指,-3.85%,+0.23%,显著弱势 ❌,小幅强势,极度超跌,-3.13%,-0.50%,+0.44%,向下,向上,缩量,0.0000,0.3144,等待放量,等待底部信号
