ETF名称,ETF代码,收盘价,涨跌幅,基准指数,Alpha_5,Alpha_20,Alpha_5强弱,Alpha_20强弱,风险等级,Bias_5,MA5斜率,MA20斜率,短期趋势,中期趋势,资金热度,量比,操作建议,原因
通讯设备,515880,1.079,+0.09%,上证指数,-1.79%,-0.36%,小幅弱势,小幅弱势,中低位风险,-0.63%,-0.06%,+0.62%,向下,向上,放量,1.49,关注,关注企稳机会
有色金属,512400,2.228,-1.15%,上证指数,-1.26%,+2.75%,小幅弱势,小幅强势,中低位风险,-1.21%,-1.82%,+0.21%,向下,向上,缩量,0.26,继续观察,等待企稳信号
半导体,512480,1.533,-1.41%,深证成指,-2.87%,-5.48%,小幅弱势,显著弱势 ❌,低风险,-1.86%,-0.89%,-0.56%,向下,向下,缩量,0.26,继续观察,等待资金进场
云计算,516510,1.755,+1.09%,上证指数,-4.95%,-5.46%,显著弱势 ❌,显著弱势 ❌,低风险,-2.49%,-0.56%,-0.21%,向下,向下,放量,1.31,关注企稳,关注企稳信号
新能源,516160,3.188,-1.57%,深证成指,-0.05%,+1.19%,小幅弱势,小幅强势,中低位风险,-0.70%,+3.18%,+1.04%,向上,向上,放量,1.88,小仓位试水,风险较低+资金进场
游戏,516010,1.370,+0.66%,创业板指,-5.26%,-13.58%,显著弱势 ❌,显著弱势 ❌,中低位风险,-1.92%,-0.67%,-1.40%,向下,向下,持平,1.13,继续观察,等待企稳信号
机器人,562500,1.004,+0.20%,创业板指,-4.72%,-6.90%,显著弱势 ❌,显著弱势 ❌,低风险,-1.67%,-0.55%,-0.60%,向下,向下,放量,1.76,关注企稳,关注企稳信号
商业航天,563530,1.471,-0.34%,上证指数,-7.40%,-8.45%,显著弱势 ❌,显著弱势 ❌,低风险,-3.71%,-2.75%,-0.83%,向下,向下,放量,1.41,关注企稳,关注企稳信号
创新药,515120,0.601,+1.01%,创业板指,-3.01%,-4.87%,显著弱势 ❌,显著弱势 ❌,中位风险,-0.23%,+0.70%,-0.64%,向上,向下,放量,1.47,小仓位试水,趋势向上+资金确认
